herb_name,city,town,collection_date,longitude,latitude,soil_pH,soil_Cr,soil_Ni,soil_Cu,soil_Zn,soil_As,soil_Cd,soil_Hg,soil_Pb,herb_Cr,herb_Ni,herb_Cu,herb_Zn,herb_As,herb_Cd,herb_Hg,herb_Pb
金银花,宿迁市,曹集乡,2024-5-23,118.39324,34.009724,4.8,65,25,21,43,9.1,0.12,0.042,29.3,0.663,4.705,8.258,21.644,0.136,0.218,0.015,0.616
金银花,宿迁市,曹集乡,2024-5-23,118.394783,34.01004,5.18,68,28,22,49,8.4,0.12,0.049,29.8,0.329,3.607,8.148,19.501,0.056,0.407,0.015,0.356
金银花,宿迁市,曹集乡,2024-5-23,118.394018,34.007894,5.15,63,25,21,41,8.9,0.11,0.04,28.1,0.401,3.453,8.196,16.939,0.067,0.318,0.004,0.397
金银花,盐城市,盐都区,2024-5-24,120.164622,33.326286,7.27,71,28,19,69,6.7,0.094,0.031,21,0.275,1.247,8.933,21.331,0.031,0.012,0.009,0.221
金银花,盐城市,盐都区,2024-5-28,120.177063,33.334709,6.73,69,25,18,62,7.4,0.084,0.035,20.8,0.329,0.499,6.96,12.087,0.047,0.014,0.012,0.221
金银花,徐州市,沛县,2024-6-3,116.869378,34.837976,7.24,60,22,17,60,9.6,0.12,0.02,16.3,0.956,1.319,8.855,47.192,0.125,0.064,0.008,0.43
金银花,连云港,东海县,2024-6-4,118.536796,34.659679,7.07,78,30,23,106,5.4,0.21,0.039,20,0.418,7.897,11.392,19.813,0.051,0.661,0.007,0.307
金银花,连云港,东海县,2024-6-8,118.557783,34.645875,6.55,81,32,24,114,6.3,0.23,0.037,20.1,0.49,10.373,12.592,32.991,0.046,0.488,0.008,0.389
金银花,泰州市,海陵区,2025-10-21,119.839534,32.572335,5.67,89,33,32,88,10.5,0.15,0.033,47,1.311,3.678,8.434,24.47,0.151,0.14,0.005,0.628
浙贝母,南通市,海门区,2024-5-20,121.303833,32.009448,7.34,72,32,33,125,9,0.27,0.071,25.7,0.729,0.162,1.472,12.261,0.044,0.032,0.007,0.079
浙贝母,南通市,海门区,2024-5-20,121.304458,32.0091,6.99,74,32,32,147,8,0.28,0.055,23.8,0.534,0.042,1.034,9.501,0.04,0.001,0.006,0.034
浙贝母,南通市,海门区,2024-5-20,121.304451,32.009844,7.38,74,33,24,87,9,0.19,0.074,23.5,0.21,0.151,1.692,8.93,0.045,0.032,0.013,0.05
浙贝母,盐城市,东台市,2024-5-24,120.767227,32.877846,8.26,56,23,12,55,7.5,0.101,0.012,15.7,0.247,0.318,3.094,20.651,0.037,0.04,0.004,0.061
浙贝母,盐城市,东台市,2024-5-24,120.771587,32.874884,8.2,55,24,12,56,7.3,0.112,0.011,15.4,0.277,0.413,3.533,22.626,0.031,0.043,0.009,0.08
浙贝母,盐城市,东台市,2024-5-24,120.765094,32.874013,8.35,59,23,11,53,7.1,0.071,0.009,14.8,0.228,0.292,2.82,21.005,0.03,0.036,0.008,0.089
浙贝母,南通市,如东县,2024-6-6,120.910089,32.399764,5.65,69,28,25,94,6.8,0.13,0.009,21.7,0.17,0.156,0.856,16.067,0.069,0.054,0.007,0.06
延胡索,南通市,如东县,2024-6-6,120.909977,32.400129,5.46,68,26,25,98,5.8,0.13,0.074,21.8,2.692,2.381,9.116,75.26,1.94,0.092,0.011,0.328
延胡索,南通市,如东县,2024-6-6,120.910504,32.400188,5.59,66,27,27,100,6,0.14,0.072,21.6,0.783,0.654,5.032,15.124,0.171,0.088,0.012,0.145
延胡索,南通市,如东县,2024-6-6,120.910567,32.399953,5.55,71,27,28,103,5.1,0.12,0.058,22.6,0.482,0.506,4.778,15.642,0.071,0.079,0.02,0.103
蟾酥,淮安市,盱眙县,2024-9-6,118.557535,32.808382,6.27,59,23,19,46,7.1,0.097,0.022,22,1.88,1.334,8.469,108.806,0.257,0.011,0.056,0.887
蟾酥,盐城市,射阳县,2024-7-12,120.2668,33.749944,7.93,60,26,20,77,9,0.175,0.025,22.1,8.365,2.574,10.553,119.937,0.312,0.153,0.044,0.782
蟾酥,淮安市,淮安区,2024-7-12,119.447672,33.462203,7.58,95,44,27,92,10.3,0.174,0.028,29.4,5.285,2.423,13.43,124.585,0.257,0.231,0.033,0.658
蟾酥,南通市,启东市,2024-7-12,121.562979,32.074192,7.72,58,26,15,63,5.5,0.15,0.079,17.5,1.075,0.653,7.942,117.073,0.287,0.015,0.021,0.324
薄荷,南通市,通州区,2024-6-6,121.147791,32.187951,7.15,67,26,18,72,5.7,0.17,0.04,20.9,1.914,2.109,13.096,21.749,0.127,0.045,0.039,0.366
薄荷,南通市,通州区,2024-6-6,121.147243,32.190019,7.45,58,25,18,71,6,0.2,0.041,20,1.1,2.117,12.421,19.559,0.099,0.021,0.035,0.304
薄荷,南通市,通州区,2024-6-6,121.149609,32.18958,7.38,73,29,17,75,6.9,0.08,0.049,20,0.694,2.237,10.322,22.967,0.106,0.018,0.024,0.349
黄蜀葵花,泰州市,兴化市,2024-7-29,119.879534,32.947736,6.88,78,36,24,72,8.4,0.18,0.056,25.8,0.413,1.517,16.632,37.18,0.022,0.302,0.004,0.115
黄蜀葵花,泰州市,兴化市,2024-7-29,119.880369,32.947645,6.53,78,35,24,75,9.1,0.19,0.053,24.7,0.166,1.139,13.966,42.107,0.001,0.234,0.012,0.201
黄蜀葵花,泰州市,兴化市,2024-7-29,119.881449,32.94785,6.54,77,34,23,69,9.1,0.17,0.05,24.9,0.146,1.042,15.362,56.127,0.004,0.227,0.01,0.46
黄蜀葵花,盐城市,射阳县,2025-10-19,120.140731,33.563824,8.1,67,25,22,73,11.6,0.12,0.015,30,0.432,1.304,15.609,54.906,0.034,0.203,0.01,0.216
黄蜀葵花,盐城市,射阳县,2025-10-19,120.140928,33.563739,8.06,67,26,23,75,11.1,0.14,0.019,34,0.835,1.716,16.082,47.71,0.202,0.228,0.007,0.331
黄蜀葵花,盐城市,射阳县,2025-10-19,120.305976,33.654039,7.93,65,23,22,72,10.2,0.12,0.016,27,0.352,0.833,14.788,45.637,0.054,0.073,0.007,0.113
黄蜀葵花,盐城市,射阳县,2025-10-19,120.315095,33.657738,8.04,64,24,22,72,9.9,0.18,0.015,31,0.675,1.062,12.529,43.539,0.059,0.059,0.005,0.186
半夏,南通市,如皋市,2024-5-29,120.520391,32.162783,7.24,56,20,14,67,3.7,0.13,0.045,21.4,0.161,0.202,3.531,41.659,0.029,0.034,0.01,0.018
半夏,泰州市,高港区,2024-5-29,119.970759,32.370186,7.22,58,22,23,94,6.6,0.18,0.064,22.5,0.412,0.322,3.197,55.179,0.054,0.036,0.002,0.488
半夏,徐州市,邳州市,2024-6-16,118.021934,34.392422,7.06,65,30,28,86,8.5,0.22,0.027,25.4,0.189,0.39,4.569,37.982,0.038,0.065,0.003,0.084
半夏,徐州市,邳州市,2024-6-16,118.022502,34.391328,7.4,65,29,28,80,7.8,0.21,0.022,24.4,0.25,0.452,4.024,38.671,0.046,0.057,0.027,0.159
半夏,徐州市,邳州市,2024-6-16,118.023325,34.393042,7.4,69,31,30,82,7.5,0.16,0.024,25.1,0.162,0.607,4.551,45.557,0.039,0.043,0.003,0.401
半夏,徐州市,邳州市,2024-6-16,118.020291,34.39197,7.26,66,30,28,83,7.3,0.2,0.023,25,0.121,0.247,3.623,29.255,0.029,0.03,0.005,0.052
半夏,泰州市,高港区,2024-6-20,119.960431,32.364831,7.27,57,22,13,64,6.5,0.21,0.061,17.5,0.269,0.302,5.527,44.76,0.054,0.076,0.01,0.109
银杏叶,盐城市,盐都区,2024-8-15,120.036485,33.250449,7.15,50,20,16,71,5.3,0.139,0.022,20,1.131,1.146,2.337,4.075,0.076,0.004,0.026,0.738
银杏叶,盐城市,盐都区,2024-8-15,120.03796,33.250673,7.35,50,19,16,84,4.5,0.115,0.02,18.3,0.877,0.552,2.572,4.844,0.103,0.005,0.038,0.593
银杏叶,盐城市,盐都区,2024-8-15,120.037094,33.251236,5.66,53,20,14,63,5.2,0.111,0.024,20,0.746,0.871,2.095,3.932,0.064,0.001,0.031,0.531
银杏叶,盐城市,盐都区,2024-8-15,120.126311,33.221998,6.72,81,37,23,75,8.7,0.135,0.036,24.9,0.448,0.28,2.825,4.321,0.024,0.001,0.015,0.223
银杏叶,盐城市,盐都区,2024-8-15,120.128141,33.222069,6.78,69,31,20,67,5.9,0.111,0.032,22.7,0.256,0.238,3.575,4.373,0.016,0,0.016,0.138
银杏叶,盐城市,盐都区,2024-8-15,120.127374,33.223227,7.15,71,32,21,69,5.9,0.111,0.031,23.8,0.322,0.184,2.719,3.67,0.018,0.002,0.016,0.177
银杏叶,盐城市,东台市,2024-8-31,120.748592,32.82786,7.69,48,18,10,45,5.7,0.141,0.015,14.6,0.931,0.518,2.322,5.759,0.118,0.001,0.032,0.82
银杏叶,盐城市,东台市,2024-8-31,120.751217,32.827628,7.36,50,20,9,55,4.3,0.124,0.016,15,0.922,0.534,3.82,7.416,0.133,0.003,0.036,0.952
银杏叶,泰州市,海陵区,2024-8-7,119.91194,32.494121,6.97,14,5,4,21,1.2,0.05,0.07,228.9,1.656,0.866,3.241,7.587,0.348,0.007,0.03,4.752
银杏叶,泰州市,海陵区,2024-8-7,119.911987,32.49342,7.23,15,6,5,24,1.2,0.06,0.082,272.9,1.972,1.188,3.195,8.681,0.378,0.009,0.027,3.527
银杏叶,泰州市,海陵区,2024-8-7,119.911956,32.492785,7.42,16,8,5,24,1.1,0.07,0.06,190.7,1.501,0.918,3.049,7.113,0.316,0.007,0.026,3.321
银杏叶,泰州市,海陵区,2025-10-4,119.911993,32.493215,7.2,59,20,13,77,6.3,0.19,0.043,27,1.457,0.885,3.093,6.763,0.21,0.008,0.047,1.604
银杏叶,泰州市,海陵区,2025-10-4,119.911966,32.492527,7.04,63,20,13,79,6.6,0.14,0.054,29,1.068,0.702,2.49,5.486,0.167,0.007,0.044,0.825
银杏叶,泰州市,海陵区,2025-10-4,119.911947,32.494392,7.02,61,21,29,88,6.8,0.17,0.038,30,1.876,1.135,3.527,8.394,0.233,0.01,0.051,1.441
银杏叶,泰州市,海陵区,2025-10-4,119.911942,32.493962,7,64,22,13,83,6.4,0.18,0.057,34,1.31,0.794,3.164,7.756,0.194,0.006,0.046,1.348
银杏叶,泰州市,泰兴市,2024-10-5,120.323915,32.273909,7.12,51,20,13,84,4.7,0.17,0.036,20.4,1.509,1.245,4.171,15.492,0.355,0.013,0.058,1.966
银杏叶,宿迁市,沭阳县,2024-8-9,118.751253,34.161103,7.36,61,24,25,128,6.5,0.33,0.046,45.9,0.464,0.761,3.322,5.292,0.127,0.008,0.025,5.86
银杏叶,宿迁市,沭阳县,2024-8-9,118.750637,34.161098,7.26,58,22,17,80,5,0.18,0.046,34,1.092,0.45,2.491,4,0.079,0.007,0.038,6.28
银杏叶,宿迁市,沭阳县,2024-8-9,118.749897,34.161022,7.33,57,19,16,70,2.9,0.18,0.065,34.4,1.556,0.564,1.925,3.988,0.095,0.007,0.027,6.22
银杏叶,宿迁市,沭阳县,2025-10-4,118.751253,34.161103,7.07,69,22,23,91,7.1,0.18,0.044,54,1.074,0.871,2.847,6.67,0.131,0.015,0.042,3.928
银杏叶,宿迁市,沭阳县,2025-10-4,118.750637,34.161098,6.97,79,22,34,163,6.2,0.43,0.048,80,1.075,0.991,3.827,8.44,0.161,0.015,0.032,5.084
银杏叶,宿迁市,沭阳县,2025-10-4,118.749897,34.161022,6.98,69,22,28,119,7.2,0.33,0.055,76,0.837,0.612,2.072,6.557,0.145,0.009,0.027,4.243
银杏叶,宿迁市,沭阳县,2025-10-4,118.803432,34.113512,6.47,67,21,38,95,6.7,0.11,0.065,43,1.308,2.031,4.716,7.054,0.131,0.011,0.046,8.489
银杏叶,宿迁市,沭阳县,2025-10-4,118.803245,34.112909,6.98,73,26,31,111,9.4,0.25,0.051,55,1.398,0.792,2.661,7.657,0.141,0.013,0.031,8.319
银杏叶,宿迁市,沭阳县,2025-10-4,118.803092,34.11264,6.99,68,24,24,78,7.1,0.13,0.026,40,0.852,0.654,2.225,6.594,0.092,0.008,0.034,5.704
银杏叶,苏州市,吴中区,2024-8-12,120.556337,31.203414,7.39,65,28,20,80,8.2,0.19,0.066,22.4,0.697,0.414,2.213,4.879,0.113,0.005,0.038,0.801
银杏叶,苏州市,吴中区,2024-8-12,120.557041,31.203525,7.41,71,31,23,79,10.8,0.17,0.073,24.1,1.083,0.975,6.145,6.994,0.246,0.014,0.042,1.147
银杏叶,苏州市,吴中区,2024-8-12,120.556991,31.204333,7.32,74,31,23,69,9.5,0.16,0.071,23.4,0.59,0.421,2.45,4.277,0.121,0.004,0.041,0.619
银杏叶,苏州市,张家港市,2025-10-2,120.555442,31.887697,7.21,79,30,28,86,9.9,0.12,0.029,30,1.877,1.421,3.626,8.3,0.239,0.006,0.057,1.492
银杏叶,苏州市,张家港市,2025-10-2,120.556195,31.889551,7.63,78,26,23,98,6.9,0.16,0.078,29,1.73,0.931,2.383,7.241,0.167,0.006,0.052,1.277
银杏叶,苏州市,张家港市,2025-10-2,120.560195,31.886478,7.23,89,31,29,119,8.6,0.24,0.071,33,2.846,1.538,4.442,7.689,0.208,0.006,0.056,1.398
银杏叶,南京市,栖霞区,2024-8-12,118.938086,32.105822,7.49,68,31,26,84,10.1,0.18,0.051,22.9,1.047,0.488,2.526,6.175,0.121,0.016,0.033,0.711
银杏叶,南京市,栖霞区,2024-8-12,118.938441,32.105507,7.52,72,33,26,78,10.4,0.2,0.031,23.7,0.892,0.451,2.718,5.69,0.122,0.018,0.044,1.247
银杏叶,南京市,栖霞区,2024-8-12,118.937099,32.104379,7.53,74,35,27,78,10.5,0.16,0.028,27.9,0.969,0.525,3.169,7.312,0.157,0.031,0.046,1.413
银杏叶,无锡市,滨湖区,2024-8-13,120.284162,31.519509,7.09,91,39,34,104,8.3,0.2,0.081,40.2,1.326,0.548,2.422,9.056,0.121,0.013,0.047,0.979
银杏叶,无锡市,滨湖区,2024-8-13,120.283718,31.519503,7.34,86,41,32,104,9.1,0.22,0.071,39.1,0.968,0.777,1.569,6.093,0.127,0.005,0.038,0.771
银杏叶,无锡市,滨湖区,2024-8-13,120.283444,31.51985,7.45,74,32,27,81,8.9,0.19,0.075,29.5,0.929,0.356,2.002,6.057,0.081,0.023,0.044,1.128
银杏叶,淮安市,洪泽区,2024-8-15,119.079742,33.215199,7.16,67,31,21,53,7,0.055,0.015,36.4,0.553,0.377,1.542,3.74,0.115,0.009,0.026,0.945
银杏叶,淮安市,洪泽区,2024-8-15,119.079699,33.215087,7.23,74,36,24,57,8,0.099,0.019,20.4,1.077,0.585,2.433,3.685,0.108,0.008,0.036,0.796
银杏叶,淮安市,洪泽区,2024-8-15,119.079497,33.21503,7.4,71,36,23,56,7.9,0.072,0.019,23,0.424,0.269,1.388,3.132,0.094,0.004,0.021,0.741
银杏叶,扬州市,邗江区,2024-8-15,119.371408,32.394008,7.31,65,25,21,72,7.3,0.11,0.027,22.1,0.693,0.365,1.595,4.494,0.139,0.003,0.028,0.616
银杏叶,扬州市,邗江区,2024-8-15,119.37039,32.394168,7.5,47,19,10,49,3.2,0.13,0.088,19.6,1.019,0.793,1.745,4.901,0.175,0.01,0.033,0.917
银杏叶,扬州市,邗江区,2024-8-15,119.372499,32.392885,7.46,51,20,11,55,3.7,0.12,0.029,16.9,0.633,0.4,1.162,3.693,0.094,0.003,0.022,0.531
银杏叶,连云港,连云区,2024-8-17,119.330214,34.693255,7.41,44,17,20,77,4.2,0.15,0.045,38,1.027,0.571,3.016,4.298,0.123,0.009,0.028,1.874
银杏叶,连云港,连云区,2024-8-17,119.331895,34.692943,7.25,42,22,17,50,5.3,0.08,0.022,25.8,0.732,0.465,2.99,3.937,0.122,0.006,0.027,1.668
银杏叶,连云港,连云区,2024-8-17,119.331014,34.69416,7.41,73,32,41,172,7.2,0.46,0.059,80.8,1.008,0.666,3.529,4.782,0.113,0.009,0.028,2.151
银杏叶,常州市,武进区,2024-8-18,119.952221,31.727716,7.49,77,34,30,117,11.4,0.44,0.057,34,1.938,0.987,5.338,8.111,0.157,0.015,0.054,2.05
银杏叶,常州市,武进区,2024-8-18,119.952219,31.727673,7.51,75,33,27,81,11.3,0.18,0.053,27.1,1.973,0.927,3.563,6.372,0.163,0.008,0.049,2.078
银杏叶,常州市,武进区,2024-8-18,119.952228,31.727417,7.65,76,34,28,83,12.3,0.18,0.246,34.3,2.356,0.94,4.458,8.886,0.223,0.016,0.069,2.599
银杏叶,常州市,武进区,2024-8-18,119.952229,31.727163,7.35,68,28,22,74,10.6,0.11,0.078,22.5,1.945,0.808,4.697,7.136,0.181,0.009,0.053,1.95
银杏叶,镇江市,京口区,2024-8-19,119.436063,32.218449,7.5,81,40,35,142,13.3,0.52,0.099,33.1,0.687,0.628,3.74,5.899,0.156,0.005,0.051,1.044
银杏叶,镇江市,润州区,2024-8-19,119.4319,32.218816,7.49,55,24,16,70,6.1,0.2,0.038,19.5,0.513,0.542,1.982,3.366,0.09,0.001,0.031,0.793
银杏叶,镇江市,润州区,2024-8-19,119.418188,32.217577,6.31,67,31,29,132,11.9,0.58,0.109,248.7,0.406,0.361,2.549,3.496,0.064,0,0.042,0.83
银杏叶,南通市,崇川区,2024-8-23,120.865784,31.994537,7.29,78,28,28,158,8,0.26,0.211,35.8,1.561,1.1,3.762,8.004,0.216,0.004,0.056,1.176
银杏叶,南通市,崇川区,2024-8-23,120.866061,31.993726,7.15,81,31,27,132,8,0.27,0.085,33.4,1.753,1.213,3.986,7.613,0.216,0.004,0.052,1.187
银杏叶,南通市,崇川区,2024-8-23,120.866309,31.993205,7.27,66,26,20,117,8.6,0.24,0.045,29,1.683,1.14,4.28,8.518,0.169,0.004,0.04,1.441
银杏叶,徐州市,邳州市,2024-8-10,118.069093,34.471447,6.17,62,23,21,67,6.6,0.16,0.024,20.8,0.487,2.025,2.415,3.803,0.096,0.02,0.033,2.67
银杏叶,徐州市,邳州市,2024-8-10,118.067773,34.470905,5.99,61,23,20,63,6.8,0.14,0.019,22.6,0.411,2.05,2.51,3.669,0.086,0.015,0.032,2.352
银杏叶,徐州市,邳州市,2024-8-10,118.069851,34.470626,5.8,60,23,19,58,5.3,0.1,0.018,19.5,0.614,2.039,2.577,4.558,0.093,0.023,0.029,3.482
银杏叶,徐州市,邳州市,2024-8-22,118.039406,34.394641,6.13,54,20,21,56,6.9,0.22,0.046,24.1,0.734,3.866,2.38,4.419,0.113,0.022,0.034,5.074
银杏叶（黄叶）,徐州市,邳州市,2024-12-10,118.039406,34.394641,6.13,54,20,21,56,6.9,0.22,0.046,24.1,1.353,0.794,2.17,8.9,1.189,0.853,0.079,39.282
银杏叶,徐州市,邳州市,2024-8-22,118.038809,34.392883,5.67,50,17,13,55,5,0.25,0.026,24.3,0.56,2.28,2.248,4.041,0.131,0.035,0.037,5.79
银杏叶,徐州市,邳州市,2024-8-22,118.039724,34.393874,5.55,47,17,15,57,5.2,0.34,0.049,28,1.962,3.271,2.47,3.8,0.158,0.035,0.04,5.99
银杏叶,徐州市,邳州市,2024-8-24,118.039724,34.393874,5.55,55,21,18,70,6.5,0.38,0.038,32,0.779,3.755,2.08,6.874,0.206,0.049,0.044,5.671
银杏叶,徐州市,邳州市,2025-5-13,118.039406,34.394641,6.13,54,20,21,56,6.9,0.22,0.046,24.1,1.097,6.467,6.546,10.709,0.117,0.063,0.011,2.642
银杏叶,徐州市,邳州市,2025-5-13,118.038809,34.392883,5.67,50,17,13,55,5,0.25,0.026,24.3,0.638,2.243,4.765,8.363,0.092,0.041,0.012,1.958
银杏叶,徐州市,邳州市,2025-5-13,118.039724,34.393874,5.55,47,17,15,57,5.2,0.34,0.049,28,0.569,4.436,6.163,11.278,0.085,0.052,0.018,2.376
银杏叶,徐州市,邳州市,2025-6-20,118.039406,34.394641,5.95,54,20,21,56,6.9,0.22,0.046,24.1,0.731,2.737,5.07,8.032,0.173,0.077,0.017,5.537
银杏叶,徐州市,邳州市,2025-6-20,118.038809,34.392883,5.46,50,17,13,55,5,0.25,0.026,24.3,0.594,3.435,5.15,7.974,0.12,0.059,0.017,4.919
银杏叶,徐州市,邳州市,2025-6-20,118.039724,34.393874,5.46,47,17,15,57,5.2,0.34,0.049,28,0.744,4.988,5.492,8.122,0.152,0.057,0.022,4.712
银杏叶,徐州市,邳州市,2025-6-20,118.040292,34.393804,5.71,55,21,18,70,6.5,0.38,0.038,32,0.662,4.252,5.158,8.58,0.145,0.072,0.017,5.443
银杏叶,徐州市,邳州市,2025-8-3,118.039406,34.394641,6.09,54,20,21,56,6.9,0.22,0.046,24.1,0.78,3.31,4.36,8.24,0.19,0.059,0.03,6.07
银杏叶,徐州市,邳州市,2025-8-3,118.038809,34.392883,5.67,50,17,13,55,5,0.25,0.026,24.3,0.55,2.15,4.55,9.17,0.14,0.034,0.03,3.42
银杏叶,徐州市,邳州市,2025-8-3,118.039724,34.393874,5.55,47,17,15,57,5.2,0.34,0.049,28,0.64,2.42,4.63,11.39,0.14,0.038,0.02,3.85
银杏叶,徐州市,邳州市,2025-8-3,118.040292,34.393804,6.1,55,21,18,70,6.5,0.38,0.038,32,0.82,2.07,3.11,7.909,0.13,0.061,0.01,4.75
银杏叶,徐州市,邳州市,2024-8-22,117.874846,34.630184,6.14,82,43,31,71,11.7,0.22,0.021,33.5,0.8,0.58,2.1,3.443,0.07,0.011,0.02,1.25
银杏叶,徐州市,邳州市,2024-8-22,117.87401,34.629894,7.05,76,38,34,106,11.9,0.39,0.044,32.7,1.49,0.8,2.36,10.281,0.2,0.014,0.02,1.44
银杏叶,徐州市,邳州市,2024-8-22,118.067603,34.5403,6.65,72,32,29,135,10,0.23,0.081,30.7,0.42,0.41,2.98,15.161,0.03,0.012,0.03,1.37
银杏叶,徐州市,邳州市,2024-8-22,118.070178,34.53917,6.55,72,32,31,130,11,0.22,0.036,32,0.61,0.61,5.1,65.709,0.05,0.013,0.02,1.55
银杏叶,徐州市,邳州市,2024-8-22,118.065336,34.539774,5.9,75,33,53,144,13.5,0.21,0.031,31.8,0.35,0.4,1.96,3.803,0.092,0.013,0.04,1.4
银杏叶,徐州市,邳州市,2024-8-22,118.066627,34.539284,5.86,74,32,41,139,12,0.22,0.056,31,0.44,0.51,2.22,3.629,0.063,0.009,0.04,1.5
白果仁,常州市,武进区,2024-8-18,119.952221,31.727716,7.49,77,34,30,117,11.4,0.44,0.057,34,0.184,2.214,12.07,10.611,0.015,0.004,0.001,0.271
白果仁,常州市,武进区,2024-8-18,119.952229,31.727163,7.35,68,28,22,74,10.6,0.11,0.078,22.5,1.098,1.817,8.57,17.285,0.014,0.003,0.005,0.283
白果仁,徐州市,邳州市,2024-8-22,118.039406,34.394641,6.13,54,20,21,56,6.9,0.22,0.046,24.1,0.126,12.597,6.63,12.391,0.016,0.005,0.006,0.207
白果仁,徐州市,邳州市,2024-8-22,118.038809,34.392883,5.67,50,17,13,55,5,0.25,0.026,24.3,0.131,7.135,3.9,14.914,0.018,0.004,0.009,0.244
白果仁,徐州市,邳州市,2024-8-22,118.039724,34.393874,5.55,47,17,15,57,5.2,0.34,0.049,28,0.055,8.194,4.26,12.813,0.025,0.009,0.006,0.351
白果仁,徐州市,邳州市,2024-8-22,118.065336,34.539774,5.9,75,33,53,144,13.5,0.21,0.031,31.8,0.082,1.111,5.08,16.388,0.011,0.003,0.001,0.55
白果仁,徐州市,邳州市,2024-8-24,118.039724,34.393874,5.55,55,21,18,70,6.5,0.38,0.038,32,0.068,9.246,5.03,6.902,0.018,0.002,0.006,0.062
白果仁,徐州市,邳州市,2024-10-3,118.069093,34.471447,6.17,62,23,21,67,6.6,0.16,0.024,20.8,0.094,9.383,3.12,9.934,0.016,0.006,0.005,0.01
白果仁,徐州市,邳州市,2024-10-3,118.067773,34.470905,5.99,61,23,20,63,6.8,0.14,0.019,22.6,0.069,9.505,4.32,12.365,0.011,0.006,0.006,0.654
白果仁,徐州市,邳州市,2024-10-3,118.069851,34.470626,5.8,60,23,19,58,5.3,0.1,0.018,19.5,0.152,10.931,5.29,9.052,0.015,0.005,0.006,0.052
白果仁,宿迁市,沭阳县,2024-10-4,118.751253,34.161103,7.36,61,24,25,128,6.5,0.33,0.046,45.9,0.101,0.376,3.32,4.052,0.012,0.001,0.005,-0.001
白果仁,宿迁市,沭阳县,2024-10-4,118.750637,34.161098,7.26,58,22,17,80,5,0.18,0.046,34,0.7,0.714,4.25,6.138,0.011,0.003,0.006,0.16
白果仁,泰州市,泰兴市,2024-10-5,120.323915,32.273909,7.12,51,20,13,84,4.7,0.17,0.036,20.4,0.299,0.494,6.5,14.239,0.016,0.002,0.007,0.028
白果仁,泰州市,海陵区,2024-10-11,119.911956,32.492785,7.4,16,8,5,24,1.1,0.07,0.06,190.7,0.122,0.32,5.93,9.66,0.063,0.003,0.008,0.027
白果仁,南京市,栖霞区,2024-10-11,118.941488,32.1055,7.29,71.1,33,26,80.1,10.3,0.177,0.037,24.8,0.346,0.752,3.02,15.49,0.01,0,0.005,0.176
白果仁,无锡市,滨湖区,2024-10-13,120.284162,31.519509,7.09,91,39,34,104,8.3,0.2,0.081,40.2,0.201,0.525,4.6,11.043,0.011,0.002,0.005,0.072
白果仁,无锡市,滨湖区,2024-10-13,120.283718,31.519503,7.34,86,41,32,104,9.1,0.22,0.071,39.1,0.112,0.402,4.73,8.163,0.007,0.003,0.005,-0.002
白果仁,无锡市,滨湖区,2024-10-13,120.283444,31.51985,7.45,74,32,27,81,8.9,0.19,0.075,29.5,0.117,0.39,5.2,9.834,0.002,0.001,0.001,-0.002
白果仁,连云港,连云区,2024-8-17,119.331895,34.692943,7.35,42,22,17,50,5.3,0.08,0.022,25.8,0.276,1.17,5.62,13.03,0.011,0.001,0.006,0.088
白果仁,苏州市,吴中区,2024-10-15,120.556337,31.203414,7.39,65,28,20,80,8.2,0.19,0.066,22.4,0.364,0.421,5.46,9.626,0.011,0,0.005,0.14
白果仁,苏州市,吴中区,2024-11-5,120.557041,31.203525,7.41,71,31,23,79,10.8,0.17,0.073,24.1,0.079,0.517,5.16,11.721,0.006,0,0.007,0.005
白果仁,盐城市,东台市,2024-11-30,120.751217,32.827628,7.36,50,20,9,55,4.3,0.124,0.016,15,0.1,0.197,4.72,9.218,0.008,0,0.005,0.062
白果仁,盐城市,亭湖区,2024-12-4,120.242974,33.35059,6.94,62.97,27.27,22.38,72.17,5.7,0.155,0.033,27.14,0.294,0.166,3.05,4.21,0.008,0,0.005,0.076
白果仁,苏州市,张家港市,2025-10-2,120.555442,31.887697,7.21,79,30,28,86,9.9,0.12,0.029,30,0.22,0.944,7.11,5.847,0.015,0.001,0.001,0.04
白果仁,苏州市,张家港市,2025-10-2,120.556195,31.889551,7.63,78,26,23,98,6.9,0.16,0.078,29,0.139,0.453,3.83,3.222,0.019,0.001,0.001,0.038
百合,盐城市,东台市,2024-8-9,120.783372,32.864939,7.69,44,19,12,70,6.3,0.206,0.016,24.6,0.081,0.167,5.416,16.416,0.011,0.106,0.015,0.06
百合,无锡市,宜兴市,2024-8-16,119.531023,31.244512,5.66,59,26,19.2,53,11.2,0.06,0.035,23.6,0.034,1.764,4.989,19.054,0.008,0.423,0.008,0.047
百合,无锡市,宜兴市,2024-8-16,119.532449,31.244816,5.6,56,23,18.9,72,9.9,0.06,0.03,24.5,0.173,1.881,5.993,23.862,0.015,0.559,0.015,0.126
百合,无锡市,宜兴市,2024-8-16,119.531918,31.244281,5.6,59,24,19.8,65,10.8,0.07,0.045,25.5,0.788,1.237,4.749,22.325,0.012,0.334,0.014,0.116
百合,无锡市,宜兴市,2024-8-26,119.722212,31.273507,5.37,62,25,18.2,47,13.7,0.16,0.071,30.4,0.423,2.64,7.682,27.53,0.016,0.626,0.008,0.302
百合,无锡市,宜兴市,2024-8-26,119.722633,31.273613,5.43,61,26,18.9,47,12.2,0.17,0.069,31.2,0.31,2.128,7.731,26.832,0.02,0.592,0.005,0.151
百合,无锡市,宜兴市,2024-8-26,119.722681,31.274039,5.33,63,24,19.2,49,13.1,0.17,0.057,30.9,0.755,2.03,6.071,25.945,0.017,0.376,0.007,0.223
芡实,苏州市,相城区,2024-9-12,120.551266,31.468479,6.12,72.1,32.5,31.2,87.2,8.8,0.13,0.448,36.89,0.083,0.211,3.024,33.56,0.045,0.003,0.021,0.11
芡实,苏州市,相城区,2024-9-12,120.553631,31.46728,5.84,83.3,35.2,33.8,81.6,10.2,0.117,0.24,37.2,0,0.367,3.796,21.1291,0.0407,0.0016,0.0045,0.0215
芡实,苏州市,相城区,2024-9-12,120.551107,31.466929,6,70.9,33.3,31.5,86,7.5,0.128,0.22,35.1,0.034,0.239,1.901,26.258,0.028,0.003,0.003,0.01
芡实,盐城市,射阳县,2024-9-29,120.131316,33.679339,8.1,58.7,26.6,17.7,59.6,11.8,0.132,0.013,19.42,0.062,0.1432,2.905,17.401,0.089,0.0035,0.002,0.04
芡实,盐城市,射阳县,2024-9-29,120.135305,33.681325,7.3,63.4,29.4,20.2,68.1,10.8,0.153,0.019,21.68,0.019,0.112,1.702,16.907,0.13,0.004,0.008,0.05
芡实,盐城市,射阳县,2024-9-29,120.134619,33.67875,7.14,66.2,32.1,23,73.9,9.7,0.155,0.014,23.26,0,0.257,4.065,22.67,0.085,0.003,0.002,0.09
芡实,泰州市,靖江市,2024-9-15,120.132968,31.959544,7.2,66.6,31.2,28.2,96.1,8.5,0.29,0.37,28.63,0,0.261,4.821,28.119,0.116,0.008,0.007,0.01
芡实,泰州市,靖江市,2024-9-15,120.134071,31.959585,7.3,67.4,31.4,27.5,93.1,8.1,0.253,0.075,28.03,0.041,0.247,3.223,36.134,0.171,0.004,0.004,0.01
芡实,泰州市,靖江市,2024-9-15,120.133612,31.960606,7.2,67.2,31.4,27.7,91.6,8.2,0.267,0.09,27.92,0.048,0.277,3.554,35.686,0.14,0.014,0.008,0.04
芡实,淮安市,淮安区,2024-9-14,119.423146,33.395045,7.1,83.7,42.8,36.1,99.3,12.8,0.271,0.079,31.85,0.017,0.519,4.073,23.489,0.139,0.004,0.004,0.05
芡实,淮安市,淮安区,2024-9-19,119.305083,33.455092,6.35,65.3,28.4,21.7,53.2,9.4,0.116,0.181,27.72,0.032,0.764,5.549,49.64,0.158,0.012,0.015,0.1
芡实,淮安市,金湖县,2024-9-16,119.093405,33.174319,6.91,77.4,35.2,25,65.6,10.6,0.088,0.017,23.68,0.036,0.383,4.208,43.088,0.136,0.006,0.009,0.05
芡实,淮安市,金湖县,2024-9-16,119.105242,33.176926,6.98,69,34.4,22,60,10.4,0.093,0.022,21.1,0.02,0.423,4.634,42.848,0.135,0.006,0.014,0.05
芡实,淮安市,金湖县,2024-9-16,119.104615,33.175656,7,77.4,35.2,25,67.1,9.6,0.088,0.017,23.68,0.017,0.255,2.837,29.284,0.126,0.005,0.011,0.04
芡实,淮安市,洪泽区,2024-9-19,119.080608,33.224658,7.33,73.2,34.1,25.7,71.7,10,0.116,0.026,24.12,0.016,0.263,3.298,38.147,0.101,0.004,0.003,0.14
芡实,淮安市,洪泽区,2024-9-19,119.0809,33.226719,7.29,71.1,33.5,24.4,70.4,11.7,0.126,0.025,22.99,0.129,0.235,3.796,31.289,0.082,0.003,0.003,0.07
芡实,淮安市,洪泽区,2024-9-19,119.083118,33.225286,7.2,72,35.1,23.9,76.1,8.3,0.119,0.025,22.4,0.066,0.267,3.256,40.695,0.119,0.008,0.003,0.06
芡实,淮安市,洪泽区,2024-9-19,119.046941,33.317584,7.37,74.3,33.8,23.5,59.4,13.5,0.079,0.021,28.63,0.109,0.627,3.413,49.084,0.073,0.024,0.005,0.17
芡实,淮安市,洪泽区,2024-9-19,119.047199,33.317356,7.34,74.6,33.9,24.8,57.7,14,0.093,0.019,28.1,0.152,0.555,4.388,33.527,0.063,0.013,0.003,0.02
芡实,淮安市,洪泽区,2024-9-19,119.047412,33.317112,7.33,71.9,34.6,25.8,59,13.2,0.08,0.015,28.6,0.079,0.605,5.755,40.705,0.07,0.013,0.004,0.18
芡实,宿迁市,泗阳县,2024-9-21,118.842377,33.942559,6.98,54.3,24.2,16.5,65.3,6.4,0.148,0.031,20.45,0.04,0.311,4.509,30.918,0.064,0.015,0.005,0.26
芡实,宿迁市,泗阳县,2024-9-21,118.840851,33.942184,7.01,54.8,24.6,16.7,65.2,6.8,0.144,0.027,20.41,0.114,0.312,3.227,26.549,0.07,0.006,0.005,0.04
芡实,宿迁市,泗阳县,2024-9-21,118.84079,33.944047,7.02,53.5,23.8,16.4,64.5,6.2,0.158,0.029,20.04,0.11,0.215,4.408,24.092,0.047,0.014,0.003,0.04
芡实,扬州市,高邮市,2024-9-30,119.405857,33.026728,7.32,65.1,30.7,22.3,66.3,12.3,0.102,0.03,23.22,0.051,0.277,3.535,28.516,0.026,0.002,0.002,0.03
芡实,扬州市,高邮市,2024-9-30,119.408072,33.022621,7.3,64.3,28.9,21.7,67.4,10.9,0.094,0.028,22.7,0.057,0.306,2.634,25.745,0.046,0.003,0.001,0.03
芡实,扬州市,高邮市,2024-9-30,119.40364,33.033752,7.29,66.7,31.7,25,69.9,11.3,0.098,0.031,25.41,0.019,0.29,4.952,44.293,0.047,0.008,0.007,0.09
芡实,徐州市,邳州市,2024-10-3,117.897073,34.365036,7.97,67,33.9,24.6,75.6,14.9,0.174,0.015,23.49,0.042,0.232,4.333,44.22,0.171,0.005,0.002,0.09
芡实,徐州市,邳州市,2024-10-3,117.897353,34.365574,7.93,69.6,35.6,27,81.7,17.1,0.205,0.017,25.26,0.177,0.235,5.157,35.387,0.121,0.004,0.004,0.19
芡实,徐州市,邳州市,2024-10-3,117.897423,34.366316,8.05,67.6,34.2,25.2,77.7,14.6,0.166,0.016,23.82,0.022,0.27,4.518,40.765,0.196,0.003,0.012,0.05
芡实,常州市,天宁区,2024-10-10,120.050031,31.817495,6.64,88.3,45.5,37.2,117.9,14.2,0.271,0.083,37.64,0,0.183,4.745,27.731,0.012,0.003,0.005,0.01
芡实,常州市,天宁区,2024-10-10,120.050248,31.81818,6.83,98.5,46.7,36,92.8,13.3,0.154,0.07,29.01,0.025,0.187,2.994,25.254,0.009,0.003,0.004,0
芡实,常州市,天宁区,2024-10-10,120.051152,31.81764,6.75,93.4,43.4,36.5,98.5,12.4,0.231,0.073,31.06,0.09,0.205,3.678,26.113,0.021,0.003,0.002,0
芡实,苏州市,张家港市,2025-10-11,120.647404,31.925977,7.21,79,30,28,86,9.9,0.12,0.029,30,0.11,0.368,2.827,17.869,0.106,0.005,0.014,0.035
芡实,苏州市,张家港市,2025-10-11,120.648105,31.927084,7.63,78,26,23,98,6.9,0.16,0.078,29,0.193,0.28,3.807,24.053,0.084,0.008,0.009,0.031
芡实,苏州市,张家港市,2025-10-11,120.648909,31.926289,7.23,89,31,29,119,8.6,0.24,0.071,33,0.083,0.294,3.46,20.753,0.083,0.007,0.01,0.027
蒲公英,盐城市,盐都区,2025-4-9,120.164516,33.326324,7.27,70.2,26.4,19.4,75.5,7.3,0.1,0.033,21.9,5.398,3.403,13.746,19.756,0.187,0.16,-0.003,0.664
蒲公英,盐城市,盐都区,2025-4-9,120.146837,33.311463,7.57,65,27,15,68,6.5,0.085,0.016,21.3,5.968,3.421,18.182,46.936,0.514,0.24,0.024,1.417
蒲公英,盐城市,东台市,2025-10-20,120.751956,32.82816,8.65,47,19,10,51,6.9,0.118,0.008,15.8,1.517,1.276,12.976,28.744,0.343,0.3,0.011,0.646
蒲公英,盐城市,东台市,2025-10-20,120.752347,32.82751,7.78,46,19,11,65,6.4,0.16,0.013,17.9,3.056,1.665,8.832,25.431,0.273,0.17,0.012,0.318
蒲公英,盐城市,东台市,2025-10-20,120.752323,32.826815,7.68,47,19,10,61,6,0.136,0.011,16.1,0.994,1.424,6.841,12.662,0.152,0.068,0.009,0.285
蒲公英,徐州市,新沂市,2025-10-23,118.415117,34.382205,7.69,65,25,26,119,8.7,0.24,0.027,46.3,2.756,1.779,13.524,29.576,0.296,0.12,0.011,0.975
蒲公英,徐州市,新沂市,2025-10-23,118.416065,34.381876,7.71,51,31,22,112,9.1,0.22,0.019,38.1,3.089,2.009,13.639,41.494,0.226,0.113,0.023,1.273
蒲公英,宿迁市,泗阳县,2025-4-8,118.604505,33.634321,7.3,63,27,20,68,8.97,0.14,0.02,22.6,18.613,8.455,14.152,21.873,0.703,0.1,-0.002,1.244
蒲公英,宿迁市,泗阳县,2025-4-8,118.605758,33.634559,7.29,57,25,18,58,10.21,0.12,0.019,19,47.538,19.899,13.51,34.424,1.226,0.107,-0.002,2.845
蒲公英,苏州市,张家港市,2025-4-12,120.582139,31.852908,6.97,68,29,21,398,5.02,0.12,0.07,22.1,7.274,3.743,16.432,52.418,0.647,0.167,0.002,1.822
蒲公英,苏州市,张家港市,2025-4-12,120.583401,31.852732,7.02,74,32,23,486,7.8,0.12,0.05,22.2,43.8,18.154,15.729,109.546,1.116,0.247,0.003,4.97
蒲公英,苏州市,张家港市,2025-4-12,120.583106,31.852742,7.19,64,26,20,236,5.46,0.11,0.05,21.6,15.4,6.517,14.617,79.73,0.471,0.139,0.047,2.065
蒲公英,苏州市,吴中区,2025-11-5,120.556156,31.204684,7.33,70,30,22,76,9.5,0.17,0.07,23.3,7.704,3.949,10.351,28.777,0.637,0.243,0.04,1.897
菊花,盐城市,射阳县,2024-10-16,120.366214,33.597025,7.59,63,29,22,77,12.7,0.164,0.017,22.5,0.557,0.912,13.433,45.908,0.06,0.148,0.005,0.274
菊花,盐城市,射阳县,2024-10-16,120.367694,33.598174,7.79,62,29,20,68,12.8,0.143,0.015,21.4,0.286,0.945,12.285,35.761,0.045,0.148,0.007,0.157
菊花,盐城市,射阳县,2024-10-16,120.369618,33.597167,7.64,63,30,22,72,13,0.153,0.032,22.4,0.274,0.915,12.596,36.504,0.017,0.108,0.005,0.163
天花粉,盐城市,亭湖区,2024-11-5,120.420989,33.527822,8.25,53,24,16,57,10.1,0.115,0.014,18.6,0.312,0.598,3.178,8.155,0.285,0.022,-0.006,0.126
天花粉,盐城市,亭湖区,2024-11-5,120.416254,33.525107,8.28,57,25.5,20.5,64,10.35,0.13,0.017,22.125,0.061,0.854,4.318,7.372,0.062,0.003,-0.007,0.083
天花粉,盐城市,盐都区,2025-1-10,120.003194,33.338877,6.8,68,29,20,66,6.5,0.108,0.049,24.8,0.983,3.255,7.673,18.317,0.37,0.059,-0.004,0.751
天花粉,南通市,如皋市,2024-12-21,120.619695,32.462401,6.78,47,22,15,77,3.26,0.13,0.065,22.4,0.094,1.547,4.005,13.831,0.119,0.022,0.012,0.081
天花粉,南通市,如皋市,2024-12-21,120.622119,32.461298,6.55,57,24.185,18.105,71.575,4.819,0.148,0.041,20.638,0.288,1.605,4.549,17.065,0.107,0.013,0.015,0.106
天花粉,南通市,如皋市,2024-12-21,120.621223,32.458756,6.5,52.049,22.952,16.545,74.261,4.04,0.137,0.053,21.509,0.142,2.522,9.125,14.772,0.139,0.02,0.008,0.066
瓜蒌皮,淮安市,涟水县,2024-11-10,119.198403,34.041781,7.03,62,29,23,74,11.8,0.241,0.056,23,-0.056,0.606,6.274,17.338,0.039,0.044,0.002,0.087
瓜蒌皮,淮安市,涟水县,2024-11-10,119.198561,34.043678,6.8,60,30,23,76,11.4,0.242,0.05,22,0.403,1.125,6.5,7.691,0.12,0.032,-0.004,0.396
瓜蒌皮,盐城市,阜宁县,2024-12-8,119.675643,33.822274,7.33,91,46,35,111,15.7,0.216,0.033,33.5,0.246,0.572,4.423,6.469,0.023,0.006,0,0.102
瓜蒌皮,盐城市,阜宁县,2024-12-8,119.676884,33.82177,6.62,90,46,37,112,16.3,0.259,0.03,35,0.106,0.886,4.765,6.465,0.013,0.004,-0.004,0.083
瓜蒌皮,盐城市,盐都区,2024-12-2,120.002757,33.338761,6.8,68,29,20,66,6.5,0.108,0.049,24.8,0.123,0.272,6.991,7.646,0.01,0.008,-0.004,0.079
瓜蒌皮,盐城市,盐都区,2024-12-2,120.002909,33.33908,6.95,62.83,29.25,21.24,69.43,6.84,0.11,0.033,24.1,0.193,0.331,6.036,10.303,0.009,0.008,-0.005,0.095
瓜蒌皮,南通市,如皋市,2024-12-1,120.619695,32.462401,6.78,47,22,15,77,3.26,0.13,0.065,22.4,1.078,0.54,3.162,3.147,0.034,0.007,0.002,0.077
瓜蒌皮,南通市,如皋市,2024-12-1,120.622119,32.461298,6.55,57,24.185,18.105,71.575,4.819,0.148,0.041,20.638,0.762,0.506,3.55,5.522,0.053,0.014,0.003,0.324
瓜蒌皮,南通市,如皋市,2024-12-1,120.621223,32.458756,6.5,52.049,22.952,16.545,74.261,4.04,0.137,0.053,21.509,1.025,0.674,3.542,4.956,0.039,0.011,0.001,0.119
茅苍术,镇江市,丹徒区,2024-12-15,119.29528,32.116707,5.27,54,20,16,53,6.6,0.1,0.062,21.6,0.98,2.48,4.9375,4.04,0.178,0.43,0.004,0.57
茅苍术,镇江市,丹徒区,2024-12-15,119.295483,32.115597,5.28,70,33,23,76,9.5,0.14,0.032,23.1,1.32,5.37,14.7675,31.67,0.293,0.76,0.013,3.95
茅苍术,镇江市,丹徒区,2024-12-15,119.295063,32.10875,4.94,41,11,60,50,8.5,0.15,0.062,50,2.01,7.87,16.4391,39.15,0.221,1.42,0.016,12.64
茅苍术,镇江市,丹徒区,2024-12-15,119.295176,32.108122,4.9,45.306,11.591,57.129,51.041,8.219,0.18,0.052,51.578,3.55,7.34,14.3871,38.05,0.23,1.48,0.008,14.69
白首乌,盐城市,滨海县,2024-12-30,120.276825,34.213875,7.26,72,36,27,85,15.7,0.226,0.038,26.4,0.482,0.328,5.574,7.469,0.035,0.003,-0.004,0.129
白首乌,盐城市,滨海县,2024-12-30,120.278417,34.212056,6.96,74,37,29,86,18.1,0.259,0.028,27.1,0.834,0.539,6.439,8.489,0.03,0.004,-0.005,0.583
白首乌,盐城市,滨海县,2024-12-30,120.276832,34.212662,7.23,69,36,27,83,15,0.252,0.025,26,0.233,0.771,10.435,23.402,0.058,0.024,-0.004,0.114
白首乌,盐城市,滨海县,2024-12-30,120.280435,34.210262,7.34,77,38,27,82,16.8,0.232,0.023,25.8,0.124,0.707,9.958,24.555,0.058,0.031,0.015,0.123
白首乌,盐城市,滨海县,2024-12-30,120.281688,34.208146,7.31,72,37,30,90,16.3,0.211,0.03,26.4,0.449,0.977,11.883,20.633,0.075,0.025,-0.004,0.149
白首乌,盐城市,滨海县,2024-12-30,120.281632,34.216157,7.49,73,37,30,90,16.4,0.222,0.023,27.7,0.134,0.651,7.905,20.132,0.075,0.011,0.007,0.15
白首乌,盐城市,滨海县,2024-12-30,120.283178,34.214343,7.49,72,37,30,90,16.4,0.232,0.026,27,0.118,0.484,7.249,13.757,0.055,0.009,-0.003,0.133
白首乌,盐城市,滨海县,2024-12-30,120.283868,34.216139,7.33,74,38,32,92,16.2,0.238,0.025,27,0.178,0.447,10.526,9.92,0.175,0.027,0.012,0.184
白首乌,盐城市,滨海县,2024-12-30,120.284205,34.21201,7.3,72,36,27,84,15.9,0.231,0.027,27.2,0.247,0.534,6.525,16.261,0.02,0.019,0.001,0.371
白首乌,盐城市,滨海县,2024-12-30,120.285579,34.20953,7.14,69,35,26,80,15.3,0.212,0.026,25.5,0.26,0.53,6.233,17.04,0.06,0.02,0.006,0.092
女贞子,盐城市,盐都区,2024-12-22,120.165118,33.326246,7.32,65,29,23,82,9.4,0.175,0.032,27,0.213,0.355,7.403,20.115,0.049,0.012,0.005,0.177
女贞子,盐城市,盐都区,2024-12-22,120.164998,33.326547,7.38,62,25,19,73,7.1,0.12,0.031,22,0.339,0.387,5.045,12.221,0.074,0.014,0.004,0.242
女贞子,盐城市,盐都区,2024-12-22,120.164872,33.326286,7.22,59,23,21,81,5.5,0.122,0.034,23.2,0.335,0.529,7.252,12.05,0.042,0.006,0.004,0.184
女贞子,盐城市,盐都区,2025-2-2,120.067041,33.323052,7.05,61.864,25.634,21.236,78.526,7.312,0.139,0.033,23.969,0.466,0.601,4.122,16.636,0.124,0.006,0,0.281
女贞子,盐城市,东台市,2025-1-18,120.851215,32.886577,7.29,47.62,19.18,11.44,65.06,6.4,0.14,0.011,16.71,0.295,0.736,6.486,16.809,0.372,0.012,0,0.241
女贞子,盐城市,东台市,2025-1-18,120.760067,32.872784,7.28,56,25,16,110,9.3,0.137,0.014,19.2,0.322,0.347,4.79,25.316,0.228,0.006,0.005,0.23
女贞子,徐州市,邳州市,2024-12-26,117.959583,34.346376,7.33,64,28,25,106,8.2,0.35,0.039,40.1,0.511,0.625,6.919,17.596,0.1,0.025,0,0.619
女贞子,徐州市,邳州市,2024-12-26,117.959386,34.34608,7.23,68,33,28,107,9.5,0.4,0.028,40.5,0.308,0.526,6.532,17.76,0.092,0.022,0,0.622
女贞子,无锡市,滨湖区,2024-12-29,120.283129,31.510488,7.41,73,33,22,72,8.6,0.12,0.213,27.6,0.336,0.513,7.598,19.58,0.081,0.011,0.004,0.355
女贞子,无锡市,滨湖区,2024-12-29,120.281587,31.509846,7.24,74,33,25,83,8.9,0.13,0.104,25.6,1.798,1.751,7.561,23.103,0.131,0.01,0,0.431
女贞子,无锡市,滨湖区,2024-12-29,120.280653,31.508915,7.2,78,34,24,89,8.1,0.17,0.044,24.6,0.239,0.483,6.796,16.647,0.122,0.012,0,0.568
女贞子,南京市,栖霞区,2025-1-10,118.943344,32.102226,7.02,68,34,26,74,10.7,0.16,0.033,24.6,0.362,0.377,7.195,15.787,0.046,0.006,0,0.256
